,Q1_mean,Q2_mean,Q3_mean,Q4_mean,Q5_mean,Q6_mean,Q7_mean,Q8_mean,Q9_mean,Q1_std,Q2_std,Q3_std,Q4_std,Q5_std,Q6_std,Q7_std,Q8_std,Q9_std
John Smith,3.857142857142857,1.9047619047619047,2.857142857142857,2.9523809523809526,2.238095238095238,2.380952380952381,3.9047619047619047,1.9523809523809523,2.5714285714285716,0.7737179432986628,0.29354352395090366,0.46656947481584343,0.48562090605645564,0.8109231602822095,0.7221786137191952,0.7499055118106487,0.3749527559053243,0.659828879073858
Emily Johnson,2.8095238095238093,1.8095238095238095,3.0476190476190474,3.380952380952381,1.8095238095238095,1.9523809523809523,3.0952380952380953,1.9047619047619047,2.380952380952381,0.39267672624930106,0.392676726249301,0.3749527559053243,0.5753831415997415,0.392676726249301,0.3749527559053243,0.2935435239509036,0.29354352395090366,0.48562090605645564
Michael Brown,3.9047619047619047,1.0,2.0476190476190474,2.857142857142857,1.1428571428571428,1.7619047619047619,2.9523809523809526,1.5238095238095237,1.619047619047619,0.29354352395090366,0.0,0.21295885499997994,0.46656947481584343,0.34992710611188255,0.4259177099999599,0.3749527559053243,0.4994327848429292,0.48562090605645564
Sarah Davis,2.9523809523809526,1.0476190476190477,2.2857142857142856,3.142857142857143,1.0476190476190477,1.7619047619047619,2.9047619047619047,1.2380952380952381,1.4761904761904763,0.21295885499997996,0.21295885499998,0.4517539514526257,0.4665694748158434,0.21295885499998,0.4259177099999599,0.29354352395090366,0.4259177099999599,0.4994327848429292
Daniel Miller,2.857142857142857,2.7142857142857144,2.9523809523809526,3.1904761904761907,2.0,2.7142857142857144,2.9523809523809526,2.3333333333333335,3.0952380952380953,0.3499271061118826,0.45175395145262565,0.2129588549999799,0.4994327848429292,0.0,0.45175395145262565,0.21295885499997996,0.4714045207910318,0.42591770999996
Lisa Wilson,2.857142857142857,1.0,2.0952380952380953,2.9523809523809526,1.0,1.7619047619047619,2.6666666666666665,1.2380952380952381,1.5714285714285714,0.34992710611188255,0.0,0.2935435239509036,0.4856209060564557,0.0,0.4259177099999599,0.5634361698190112,0.4259177099999599,0.49487165930539356
Kevin Moore,2.9523809523809526,1.9523809523809523,2.9523809523809526,3.380952380952381,1.9523809523809523,2.2857142857142856,2.9523809523809526,1.9523809523809523,2.761904761904762,0.21295885499997996,0.21295885499997996,0.21295885499997996,0.5753831415997415,0.21295885499997996,0.45175395145262565,0.3749527559053243,0.21295885499997996,0.4259177099999599
Ashley Taylor,3.761904761904762,1.9047619047619047,2.9047619047619047,3.3333333333333335,1.9523809523809523,2.142857142857143,3.5238095238095237,1.9047619047619047,2.2857142857142856,0.4259177099999599,0.29354352395090366,0.29354352395090366,0.5634361698190111,0.3749527559053243,0.4665694748158434,0.6632565846278151,0.29354352395090366,0.6281383789653772
Christopher Anderson,3.9047619047619047,1.0476190476190477,2.6666666666666665,3.142857142857143,1.5714285714285714,1.9523809523809523,3.142857142857143,1.5714285714285714,1.7619047619047619,0.29354352395090366,0.21295885499998,0.4714045207910317,0.5593971487843205,0.5832118435198044,0.3749527559053243,0.34992710611188255,0.5832118435198044,0.4259177099999599
Jessica Martinez,2.9523809523809526,2.0,3.0,3.238095238095238,1.9523809523809523,2.0476190476190474,3.0,1.9523809523809523,2.5238095238095237,0.21295885499997996,0.0,0.0,0.4259177099999599,0.21295885499997996,0.2129588549999799,0.3086066999241838,0.21295885499997996,0.4994327848429292
