temperature,Q1_mean,Q2_mean,Q3_mean,Q4_mean,Q5_mean,Q6_mean,Q7_mean,Q8_mean,Q9_mean,Q1_std,Q2_std,Q3_std,Q4_std,Q5_std,Q6_std,Q7_std,Q8_std,Q9_std
0.0,3.4,1.7,2.6,3.0,1.6,2.1,3.2,1.7,2.6,0.48989794855663565,0.6403124237432849,0.48989794855663565,0.0,0.48989794855663565,0.3,0.39999999999999997,0.45825756949558405,0.48989794855663565
0.1,3.4,1.7,2.6,3.0,1.6,2.1,3.2,1.7,2.6,0.48989794855663565,0.6403124237432849,0.48989794855663565,0.0,0.48989794855663565,0.3,0.39999999999999997,0.45825756949558405,0.48989794855663565
0.2,3.4,1.7,2.8,3.5,1.7,2.1,3.2,2.1,2.6,0.48989794855663565,0.6403124237432849,0.39999999999999997,0.5,0.45825756949558405,0.3,0.39999999999999997,0.3,0.48989794855663565
0.3,3.4,1.7,2.8,3.5,1.7,2.1,3.2,2.1,2.6,0.48989794855663565,0.6403124237432849,0.39999999999999997,0.5,0.45825756949558405,0.3,0.39999999999999997,0.3,0.48989794855663565
0.4,3.4,1.7,2.7,3.0,1.6,2.2,3.1,1.6,2.4,0.48989794855663565,0.6403124237432849,0.45825756949558405,0.0,0.48989794855663565,0.39999999999999997,0.3,0.48989794855663565,0.48989794855663565
0.5,3.4,1.7,2.7,3.0,1.6,2.2,3.1,1.6,2.4,0.48989794855663565,0.6403124237432849,0.45825756949558405,0.0,0.48989794855663565,0.39999999999999997,0.3,0.48989794855663565,0.48989794855663565
0.6,3.3,1.6,2.7,2.9,1.7,2.2,3.1,1.7,1.8,0.45825756949558405,0.48989794855663565,0.45825756949558405,0.3,0.45825756949558405,0.39999999999999997,0.3,0.45825756949558405,0.6000000000000001
0.7,3.3,1.6,2.7,2.9,1.7,2.2,3.1,1.7,1.8,0.45825756949558405,0.48989794855663565,0.45825756949558405,0.3,0.45825756949558405,0.39999999999999997,0.3,0.45825756949558405,0.6000000000000001
0.8,3.4,1.7,2.6,3.5,1.6,2.4,3.1,1.8,1.9,0.48989794855663565,0.6403124237432849,0.48989794855663565,0.5,0.48989794855663565,0.48989794855663565,0.5385164807134505,0.4,0.8306623862918073
0.9,3.4,1.7,2.6,3.5,1.6,2.4,3.1,1.8,1.9,0.48989794855663565,0.6403124237432849,0.48989794855663565,0.5,0.48989794855663565,0.48989794855663565,0.5385164807134505,0.4,0.8306623862918073
1.0,3.4,1.7,3.0,3.8,1.8,2.0,3.2,1.7,2.7,0.48989794855663565,0.6403124237432849,0.4472135954999579,0.39999999999999997,0.6000000000000001,0.4472135954999579,0.39999999999999997,0.6403124237432849,0.6403124237432849
1.1,3.4,1.7,2.7,3.6,1.7,1.7,3.5,1.7,2.7,0.48989794855663565,0.6403124237432849,0.45825756949558405,0.48989794855663565,0.45825756949558405,0.45825756949558405,0.5,0.6403124237432849,0.6403124237432849
1.2,3.2,1.7,2.6,3.0,2.0,2.0,3.2,2.2,2.0,0.9797958971132714,0.6403124237432849,0.48989794855663565,0.4472135954999579,1.0954451150103321,0.7745966692414834,0.7483314773547882,0.39999999999999997,0.7745966692414834
1.3,3.3,1.7,2.9,3.6,1.9,2.6,3.4,1.8,2.7,0.45825756949558405,0.6403124237432849,0.5385164807134505,0.48989794855663565,0.5385164807134505,0.48989794855663565,0.48989794855663565,0.6000000000000001,0.6403124237432849
1.4,3.3,1.7,2.7,3.2,1.7,2.0,3.0,1.8,2.3,0.6403124237432849,0.6403124237432849,0.45825756949558405,0.6,0.45825756949558405,0.4472135954999579,0.6324555320336759,0.4,0.6403124237432849
1.5,3.4,1.7,2.6,2.9,1.9,1.9,3.1,1.9,1.9,0.48989794855663565,0.6403124237432849,0.48989794855663565,0.3,0.5385164807134505,0.3,0.5385164807134505,0.5385164807134505,0.5385164807134505
1.6,3.5,1.6,2.7,3.0,1.7,2.1,3.2,1.6,2.2,0.6708203932499369,0.48989794855663565,0.6403124237432849,0.4472135954999579,0.6403124237432848,0.8306623862918073,0.7483314773547882,0.48989794855663565,0.8717797887081347
1.7,3.4,1.8,2.8,3.3,2.0,1.9,3.4,2.1,2.3,0.48989794855663565,0.6000000000000001,0.39999999999999997,0.45825756949558405,0.6324555320336759,0.5385164807134504,0.48989794855663565,0.3,0.45825756949558405
1.8,3.1,1.5,2.7,2.8,1.5,2.0,3.2,1.7,2.0,0.7000000000000001,0.5,0.45825756949558405,0.6,0.5,0.6324555320336759,0.39999999999999997,0.45825756949558405,0.6324555320336759
1.9,2.3,1.3,2.4,2.7,1.3,1.4,2.3,1.5,1.5,0.6403124237432849,0.45825756949558405,0.48989794855663565,0.6403124237432849,0.45825756949558405,0.48989794855663565,0.6403124237432849,0.5,0.6708203932499369
2.0,2.8,1.2,2.4,2.6,1.1,2.0,2.4,1.1,1.4,0.39999999999999997,0.4,0.48989794855663565,0.48989794855663565,0.3,0.4472135954999579,0.48989794855663565,0.3,0.48989794855663565
