,Q1_mean,Q2_mean,Q3_mean,Q4_mean,Q5_mean,Q6_mean,Q7_mean,Q8_mean,Q9_mean,Q10_mean,Q1_std,Q2_std,Q3_std,Q4_std,Q5_std,Q6_std,Q7_std,Q8_std,Q9_std,Q10_std
John Smith,1.9047619047619049,2.142857142857143,1.2857142857142858,3.523809523809524,1.6666666666666667,3.952380952380953,3.0,4.857142857142857,4.047619047619048,3.4285714285714284,0.2935435239509036,0.3499271061118825,0.4517539514526256,0.4994327848429292,0.4714045207910317,0.3749527559053243,0.3086066999241838,0.3499271061118825,0.2129588549999799,0.4948716593053935
Emily Johnson,2.0476190476190474,2.095238095238096,4.904761904761905,3.952380952380953,1.9523809523809523,4.0,1.9047619047619049,4.0,1.4761904761904765,4.476190476190476,0.2129588549999799,0.2935435239509036,0.2935435239509036,0.2129588549999799,0.2129588549999799,0.0,0.4259177099999599,0.0,0.4994327848429292,0.4994327848429292
Michael Brown,2.0,2.952380952380953,3.0,3.952380952380953,1.0,4.0,2.857142857142857,5.0,2.761904761904762,2.761904761904762,0.0,0.2129588549999799,0.0,0.2129588549999799,0.0,0.0,0.5593971487843205,0.0,0.4259177099999599,0.4259177099999599
Sarah Davis,2.1904761904761907,2.0,4.0,4.047619047619048,1.0,4.0,2.333333333333333,5.0,2.142857142857143,3.7142857142857135,0.392676726249301,0.0,0.0,0.2129588549999799,0.0,0.0,0.4714045207910317,0.0,0.3499271061118825,0.4517539514526257
Daniel Miller,2.857142857142857,2.095238095238096,5.0,3.761904761904762,3.0,3.380952380952381,2.0,3.0,1.1428571428571428,4.047619047619048,0.3499271061118825,0.2935435239509036,0.0,0.4259177099999599,0.0,0.4856209060564556,0.0,0.0,0.3499271061118825,0.2129588549999799
Lisa Wilson,2.0476190476190474,1.9047619047619049,3.952380952380953,4.809523809523809,1.0,4.047619047619048,2.857142857142857,5.0,2.238095238095238,3.380952380952381,0.2129588549999799,0.2935435239509036,0.2129588549999799,0.392676726249301,0.0,0.2129588549999799,0.3499271061118826,0.0,0.4259177099999599,0.4856209060564556
Kevin Moore,2.238095238095238,2.142857142857143,5.0,4.0,1.7142857142857142,4.0,1.2857142857142858,4.0,1.9523809523809523,4.428571428571429,0.4259177099999599,0.3499271061118825,0.0,0.0,0.4517539514526256,0.0,0.4517539514526256,0.0,0.2129588549999799,0.4948716593053934
Ashley Taylor,2.619047619047619,2.2857142857142856,3.142857142857143,4.0,1.0476190476190477,4.047619047619048,1.0952380952380951,5.0,2.8095238095238093,4.904761904761905,0.4856209060564556,0.4517539514526256,0.3499271061118825,0.0,0.21295885499998,0.2129588549999799,0.2935435239509036,0.0,0.392676726249301,0.2935435239509036
Christopher Anderson,2.0,2.6666666666666665,3.0,4.0,1.0,4.047619047619048,3.142857142857143,5.0,3.0476190476190474,2.761904761904762,0.0,0.4714045207910317,0.0,0.0,0.0,0.2129588549999799,0.4665694748158434,0.0,0.2129588549999799,0.4259177099999599
Jessica Martinez,2.7142857142857144,2.0,4.0,3.952380952380953,1.9047619047619049,3.7142857142857135,1.0,4.190476190476191,2.0,5.0,0.4517539514526257,0.0,0.0,0.2129588549999799,0.2935435239509036,0.4517539514526257,0.0,0.392676726249301,0.0,0.0
Average,2.261904761904762,2.2285714285714286,3.7285714285714286,4.000000000000001,1.5285714285714285,3.91904761904762,2.147619047619048,4.504761904761905,2.361904761904762,3.8904761904761904,0.2825357633821088,0.27166021113201133,0.13081834365153916,0.21698626410921099,0.16426197061945208,0.19512041784143452,0.3327120135830751,0.07426038323611835,0.3082675708315855,0.37848887599136005
