temperature,Q1_mean,Q2_mean,Q3_mean,Q4_mean,Q5_mean,Q6_mean,Q7_mean,Q8_mean,Q9_mean,Q10_mean,Q1_std,Q2_std,Q3_std,Q4_std,Q5_std,Q6_std,Q7_std,Q8_std,Q9_std,Q10_std
0.0,2.3,2.2,3.7,4.0,1.6,4.0,2.1,4.5,2.3,4.2,0.45825756949558405,0.39999999999999997,1.1874342087037917,0.4472135954999579,0.66332495807108,0.0,0.8306623862918074,0.6708203932499369,0.9,0.7483314773547882
0.1,2.3,2.2,3.7,4.0,1.6,4.0,2.1,4.5,2.3,4.2,0.45825756949558405,0.39999999999999997,1.1874342087037917,0.4472135954999579,0.66332495807108,0.0,0.8306623862918074,0.6708203932499369,0.9,0.7483314773547882
0.2,2.3,2.2,3.7,4.0,1.5,3.9,2.1,4.5,2.2,3.8,0.45825756949558405,0.39999999999999997,1.1874342087037917,0.4472135954999579,0.6708203932499369,0.3,0.8306623862918074,0.6708203932499369,0.8717797887081347,0.7483314773547882
0.3,2.2,2.2,3.7,4.0,1.4,3.8,2.2,4.5,2.3,3.5,0.39999999999999997,0.39999999999999997,1.1874342087037917,0.4472135954999579,0.66332495807108,0.39999999999999997,0.7483314773547882,0.6708203932499369,0.9,1.02469507659596
0.4,2.1,2.2,3.7,3.9,1.3,3.9,2.1,4.6,2.2,3.5,0.3,0.39999999999999997,1.1874342087037917,0.3,0.6403124237432848,0.3,0.8306623862918074,0.6633249580710799,0.8717797887081347,1.02469507659596
0.5,2.2,2.2,3.7,4.0,1.5,4.0,1.9,4.5,2.4,3.9,0.39999999999999997,0.39999999999999997,1.1874342087037917,0.4472135954999579,0.6708203932499369,0.0,0.8306623862918074,0.6708203932499369,0.8000000000000002,0.7
0.6,2.1,2.2,3.7,4.1,1.4,3.8,2.0,4.5,2.3,3.5,0.3,0.39999999999999997,1.1874342087037917,0.3,0.66332495807108,0.39999999999999997,0.7745966692414834,0.6708203932499369,0.9,1.02469507659596
0.7,2.2,2.3,3.7,4.0,1.6,3.9,2.1,4.5,2.2,3.9,0.39999999999999997,0.45825756949558405,1.1874342087037917,0.4472135954999579,0.66332495807108,0.3,0.8306623862918074,0.6708203932499369,0.8717797887081347,0.7
0.8,2.3,2.2,3.8,4.1,1.6,3.8,2.1,4.5,2.7,4.1,0.45825756949558405,0.39999999999999997,0.9797958971132714,0.3,0.66332495807108,0.39999999999999997,0.8306623862918074,0.6708203932499369,0.6403124237432849,0.7
0.9,2.4,2.3,3.8,4.0,1.6,3.9,2.3,4.6,2.5,4.2,0.48989794855663565,0.45825756949558405,1.16619037896906,0.4472135954999579,0.66332495807108,0.3,0.9,0.6633249580710799,0.806225774829855,0.7483314773547882
1.0,2.3,2.0,3.7,4.0,1.4,4.1,2.0,4.4,2.4,4.2,0.45825756949558405,0.4472135954999579,1.1874342087037917,0.4472135954999579,0.66332495807108,0.3,0.7745966692414834,0.6633249580710799,1.1135528725660042,0.7483314773547882
1.1,2.2,2.3,3.7,3.8,1.7,3.8,2.2,4.4,2.4,3.7,0.39999999999999997,0.45825756949558405,0.9,0.39999999999999997,0.6403124237432849,0.39999999999999997,0.7483314773547882,0.6633249580710799,0.8000000000000002,0.7810249675906655
1.2,2.2,2.2,3.7,4.0,1.6,3.7,2.2,4.5,2.4,3.5,0.39999999999999997,0.39999999999999997,1.1874342087037917,0.0,0.66332495807108,0.45825756949558405,0.8717797887081347,0.6708203932499369,0.8000000000000002,1.02469507659596
1.3,2.4,2.3,3.7,4.0,1.6,3.9,2.0,4.6,2.2,4.1,0.48989794855663565,0.45825756949558405,1.1874342087037917,0.4472135954999579,0.66332495807108,0.3,0.8944271909999159,0.6633249580710799,0.8717797887081347,0.8306623862918074
1.4,2.1,2.1,3.8,3.9,1.6,3.8,2.2,4.5,2.4,3.8,0.5385164807134505,0.3,0.9797958971132714,0.5385164807134505,0.66332495807108,0.39999999999999997,0.7483314773547882,0.6708203932499369,0.8000000000000002,0.7483314773547882
1.5,2.4,2.2,3.9,4.2,1.6,4.0,2.0,4.5,2.7,4.0,0.48989794855663565,0.39999999999999997,0.9433981132056604,0.39999999999999997,0.66332495807108,0.0,0.7745966692414834,0.6708203932499369,0.6403124237432849,0.8944271909999159
1.6,2.3,2.5,3.8,4.1,1.6,3.9,2.2,4.5,2.8,4.2,0.45825756949558405,0.5,0.9797958971132714,0.3,0.66332495807108,0.3,0.7483314773547882,0.6708203932499369,0.7483314773547882,0.7483314773547882
1.7,2.4,2.4,3.8,4.0,1.6,4.0,2.6,4.5,2.3,4.0,0.48989794855663565,0.48989794855663565,1.16619037896906,0.4472135954999579,0.66332495807108,0.0,0.9165151389911681,0.6708203932499369,0.7810249675906654,0.8944271909999159
1.8,2.1,2.1,3.7,3.8,1.3,4.1,2.3,4.5,2.1,4.1,0.5385164807134505,0.5385164807134505,1.1874342087037917,0.39999999999999997,0.6403124237432849,0.29999999999999993,1.1,0.6708203932499369,0.9433981132056604,0.8306623862918074
1.9,2.2,2.2,3.6,4.1,1.4,4.1,1.9,4.6,2.2,3.5,0.39999999999999997,0.39999999999999997,1.2,0.3,0.66332495807108,0.5385164807134504,0.8306623862918074,0.6633249580710799,0.8717797887081347,0.9219544457292888
2.0,2.5,2.3,3.7,4.0,1.6,3.9,2.5,4.4,2.3,3.8,0.5,0.45825756949558405,0.9,0.4472135954999579,0.66332495807108,0.3,1.02469507659596,0.6633249580710799,0.7810249675906654,0.7483314773547882
